,url,label
0,http://ofertsnovasmagazine.com/produtos-loja.php?linkcompleto=smartphone-samsung-galaxy-j5-pro-32gb-dourado-dual-chip-4g-cam-13mp-tela-52-hd-proc-octa-core/p/1555366/te/glxj/&amp;id=11,1
1,http://bancoestados.com/,1
2,http://www.startwith1.com/wp-admin/js/send@file/WeTransfr/?email=abuse@FPIEC.COM,1
3,http://pme1.mail.tpimidia.com/cgi-bin/ed/c.pl?269863805-572-eDocFBack2_314CD6B8_9148289_3574_alessandro.jefferson@hotmail.com,1
4,http://isense-tech.com/admin/login.php?cmd=login_submit&amp;id=eaa24b1cb13dc9926c4757eb68553199eaa24b1cb13dc9926c4757eb68553199&amp;session=eaa24b1cb13dc9926c4757eb68553199eaa24b1cb13dc9926c4757eb68553199,1
5,http://www.tecnophoneperu.com/,1
6,http://superiorsolutionspro.com/3030/online/update/security-update/chsas/,1
7,http://semestapalet.com/wp-includes/js/jcrop/aol.com/aol/index.php?action=login,1
8,http://apostile-haga.ro/wp-includes/images/wlw/hotis/index.php,1
9,http://tcwrcgeneralcontractors.com/images/cache/admin/DHL%20AUTO/dhl.php?rand=13InboxLightaspxn.1774256418&amp;;fid.4.1252899642&amp;;fid=1&amp;%2,1
10,http://www.acharyabbs.ac.in/,1
11,http://www.mywatchdealer.com/css/extend.php?rand=13InboxLightaspxn.1774256418&fid.4.1252899642&fid=1&fav.1&rand.13InboxLight.aspxn.1774256418&fid.1252899642&fid.1&fav.1&login=&loginID=&.rand=13InboxLight.aspx?n=1774256418&fid=4,1
12,http://propublico.pl/wp-content/uploads/2013/corrige/?cliente=abuse@ig.com.br,1
13,http://www.fattyhansen.com/wp-includes/Text,1
14,http://certidoesrapidas.com.br/confirm.php,1
15,http://www.greendatainfo.com/file/folder/7b7adf0f2b466d1461eae7dcc85b77d4,1
16,https://www.drive-links.com/,1
17,http://kuiper-online.eu/SecuredFile/straighdropbox/,1
18,http://www.mazasworld.com/pagedoc/83acbb05cac8f06067bc974e51a613b1,1
19,http://mess-reply-net.myfreesites.net,1
20,https://sites.google.com/site/notificationforyou41874654/,1
21,http://mobile.free.fr.oreo-e-assistance.net/,1
22,http://chapaccd.com/filee/930340ea8df268a11027af79495383c6/,1
23,http://www.reset-form.com/FR/0017dfd3f47ab10abdee3c3bcab5ade5-|0017dfd3f47ab10abdee3c3bcab5ade5,1
24,http://customers-supports.com/webapps/3b3ce/websrc,1
25,http://pandavillage.org/googledoc/?89a54d35b6e58927b86b2909397957de47776ba6,1
26,http://esdrastreinamento.com.br/wp-admin/user/js/dhl/cmd-login=4078f0e0de091e35402443ef5f168fc1/tracking.php,1
27,http://thiscreativelifemedia.com/wp-content/themes/judge/china/index.php?login=abuse@eee.com,1
28,http://51jianli.cn/images/?us.battle.net/login=,1
29,http://itacredsp.webnode.com/contato,1
30,http://martelhooktool.com/shadowbox/666/index_en.html,1
31,http://www.informatio-consortium.net/online-banking/c143b98cfced2a5ecef46f4297a0ca79/login.php?cmd=login_submit&id=f12eb30209cef19bfe3205bc6de10d54f12eb30209cef19bfe3205bc6de10d54&session=f12eb30209cef19bfe3205bc6de10d54f12eb30209cef19bfe3205bc6de10d54,1
32,http://maria-chelyapinaru.432.com1.ru/wellss/9fd2b931353d2708bac65033b5d63503/,1
33,http://devoltreffer.com/dashboard,1
34,http://20673.xc.mieseng.com/xiaz,1
35,http://ak.imgfarm.com/images,1
36,http://ak.imgfarm.com/images,1
37,http://d13s98z2lzti92.cloudfront.net,1
38,http://files.uniblue.com/cm/marimedia-an/speedupmypc/mar_an_es_01/setup,1
39,http://hanseohm.com/bbs/icon/private_name,1
40,http://ike.gulage.com/img/pictogramy,1
41,http://installer.jdownloader.org/version_279014,1
42,http://installer.jdownloader.org/version_279691,1
43,http://werner-wnuk.de/wordpress/wp-content,1
44,https://dl-sh-ocn-2.pchome.net/30/42,1
45,http://cnc.downxia.com/down,1
46,http://down04999124.cdnxiazai.com/cx/160624/16,1
47,http://dx.qqtn.com/qq3,1
48,twitch.tv,0
49,heraldtribune.com,0
50,aad.org,0
51,bekkoame.ne.jp,0
52,jouwweb.nl,0
53,diana-aubonne.ch,0
54,termpaperwriter.org,0
55,internetlivestats.com,0
56,uniovi.es,0
57,qu.edu,0
58,trumanlibrary.org,0
59,mbl.edu,0
60,sailing.org,0
61,cooliris.com,0
62,visionunion.com,0
63,graciousliving.com.au,0
64,meristation.com,0
65,a10.com,0
66,rajasthan.gov.in,0
67,livingone.com.tw,0
68,ebs.org.cn,0
69,zzstep.com,0
70,designfusions.com,0
71,hihonor.com,0
72,gapinc.com,0
73,slil.ru,0
74,makeawebsitehub.com,0
75,chubang.com,0
76,myphotoalbum.com,0
77,freehomepage.com,0
78,angelo.edu,0
79,taiyuan.gov.cn,0
80,guaranteedpaydayloans.webcam,0
81,sledtell.com,0
82,kdenlive.org,0
83,buycialisonlinewvrx.com,0
84,friendfinder.com,0
85,beautycounter.com,0
86,legisterra.com,0
87,aiononline.com,0
88,darthlupi.com,0
89,kuehne-nagel.com,0
90,aaii.com,0
91,en8848.com.cn,0
92,canadianpharmaciesmax.com,0
93,onehope.ru,0
94,sol.com.cn,0
95,gosc.pl,0
96,us-online-ventolin.online,0
97,lazart.ch,0
98,sohbety.com,0
99,caeneng.com,0
100,lancecorporal.ru,0
101,c-bm.com,0
102,2modern.com,0
103,wtmlondon.com,0
104,qncye.com,0
105,brushe.id.au,0
106,rexfeatures.com,0
107,samarasstelios.gr,0
108,santafe.gov.ar,0
109,usplastic.com,0
110,sens.org,0
111,xbugs.pt,0
112,vouchercodesgo.co.uk,0
113,kafe-bazar.com,0
114,bitelia.com,0
115,itts.pro,0
116,htcmania.com,0
117,individualthreads.co.uk,0
118,stevensdriving.com,0
119,reef.com,0
120,familychristian.com,0
121,agile4ever.com,0
122,preimis.ru,0
123,firewise.org,0
124,tyrc.com.cn,0
125,habanahostess.com,0
126,dfnz.co.nz,0
127,icanlocalize.com,0
128,wchuzhou.com,0
129,urbandead.com,0
130,outletnike.org,0
131,i-maskczech.com,0
132,halleyweb.com,0
133,afpi-artoisdouaisis.fr,0
134,kristendukephotography.com,0
135,droplr.com,0
136,wholesale-jerseys-china.com,0
137,10bestbuylist.com,0
138,alpha.org,0
139,albawabhnews.com,0
140,crimea.edu,0
141,ikonapress.info,0
142,nyra.com,0
143,mrslide.pl,0
144,apps.fm,0
145,genericcialiszcl.com,0
146,kuanrf.com,0
147,iflytek.com,0
148,sapmed.ac.jp,0
149,tgtmart.com,0
150,flypt.org,0
151,nrcu.gov.ua,0
152,nike-airmax.fr,0
153,uady.mx,0
154,machinehead1.com,0
155,xplornet.com,0
156,rankey.com,0
157,utterli.com,0
158,aifs.de,0
159,sovalfish.com,0
160,softcatala.org,0
161,mozcast.com,0
162,amprivers.org,0
163,kolyaseo.com,0
164,magicvalleyoutreach.com,0
165,turbogears.org,0
166,visitjacksonville.com,0
167,mainlinehealth.org,0
168,petalokasi.org,0
169,soft82.com,0
170,christiancourier.com,0
171,mbna.co.uk,0
172,weddingblog.co.uk,0
173,indiabix.com,0
174,rovaniemi.fi,0
175,jacksonvilleredlightticket.com,0
176,unitecvietnam.com,0
177,sarabites.com,0
178,00.re,0
179,lockelord.com,0
180,dreamcss.com,0
181,xn--80agpamccpcbc1andfca2p2be.xn--p1ai,0
182,recordrewindplay.co.uk,0
183,drbilquissheikh.com,0
184,good-edu.cn,0
185,kievvlast.com.ua,0
186,topkatabijak.site,0
187,dnsreport.com,0
188,cleanmpg.com,0
189,lemonopoulos.com,0
190,goedkoopnikes.nl,0
191,mkmayers.com,0
192,spdrshop.com,0
193,curry-4.us,0
194,burberry-outletonline.cc,0
195,cookcountyil.gov,0
196,tr6t.com,0
197,allcreditlenderswi.co,0
198,journeymart.com,0
199,sakiyr.info,0
200,anahtar.biz,0
201,novomatic.com,0
202,jaihindutva.com,0
203,sugarbdistillery.com,0
204,thesefootballtimes.co,0
205,futuresignsandservices.com,0
206,hostzoom.com.br,0
207,ikfiets.nu,0
208,levitra-20mggeneric.site,0
209,lenta.com,0
210,imamu.edu.sa,0
211,jetsetvn.org,0
212,avalanche.org,0
213,bohisa.com,0
214,specrent36.ru,0
215,astro7.ru,0
216,partnerjbi.ru,0
217,colegioteresianobraga.com,0
218,redtag.ca,0
219,questforvictory.net,0
220,sz-life.com.cn,0
221,jcang.com.cn,0
222,guestbook-free.com,0
223,fidiy.com,0
224,musipedia.org,0
225,pornotvmove.info,0
226,fivecentnickel.com,0
227,crayt.ru,0
228,dianjingwz.com,0
229,mintseal.com,0
230,oack.ru,0
231,bafflefield.com,0
232,catholictv.org,0
233,whalerknits.com,0
234,humanconnectomeproject.org,0
235,sunburytransport.com,0
236,frbservices.org,0
237,yarcdu.ru,0
238,larsringholm.dk,0
239,internetmarketingus.com,0
240,askthebuyer.com,0
241,cialis-buy20mg.xyz,0
242,aerosvit.com,0
243,114my.net,0
244,aletwessels.co.za,0
245,zrphp.com,0
246,benchplayersports.com,0
247,cnbesam.com,0
248,raysunglass.com,0
249,qdcars.com,0
250,swantec.info,0
251,hoa2home.net,0
252,buycialisonlinenrx.com,0
253,indashhome.com,0
254,niksalehi.com,0
255,degreecollegeinfo.info,0
256,vanderbilt.org,0
257,hiit.vn,0
258,3x-pussy.com,0
259,6sigma.net,0
260,tararegion.ru,0
261,statoids.com,0
262,viagralx.com,0
263,sojump.cn,0
264,thelastairbendermovie.com,0
265,orientxxi.info,0
266,kprayrada.gov.ua,0
267,keyproject.org.uk,0
268,airvanuatu.com,0
269,cngida.com,0
270,westwoodone.com,0
271,gadgetgirl.ru,0
272,beergembira.com,0
273,usenetpostingvolume.net,0
274,wikeo.be,0
275,pidjin.net,0
276,panamusic.com,0
277,alpinawatches.com,0
278,trogirciovo.eu,0
279,wholefoodnewbie.com,0
280,thegreatbritishbakeoff.co.uk,0
281,lepota33.gdn,0
282,bobswatches.com,0
283,menonfleek.com,0
284,ovhdpretoria.co.za,0
285,certifiedmail.co.uk,0
286,lowestprice-viagra100mg.mobi,0
287,compassioniste.org,0
288,doorspaceinc.com,0
289,norwegiandrugs.space,0
290,riverdeep.net,0
291,sanpou.biz,0
292,levitraerfaring.nu,0
293,classicfm.co.uk,0
294,rodriguestrading.com.br,0
295,georgianjournal.ge,0
296,prilep.net,0
297,greenadventure.ro,0
298,fhwn.ac.at,0
299,3dprintshow.com,0
300,uniquedaily.com,0
301,gramer.de,0
302,eurimaquinas.com.br,0
303,viagrawasdc.com,0
304,coolshop.dk,0
305,forumjpop.com,0
306,adidasnmdol.com,0
307,tongzhishuo.com,0
308,silveroak.com,0
309,schoellerallibert.com,0
310,scrapcarsleigh.co.uk,0
311,oz-demirinsaat.com,0
312,aieetsc.com,0
313,scta-bni.org,0
314,576576.ru,0
315,belstafflisboa.nu,0
316,zacoostore.com,0
317,kooswijkbijduurstede.nl,0
318,moniprestamos.com,0
319,thulasidas.com,0
320,edicionesb.com,0
321,unijaya.com,0
322,burzhwahair.com,0
323,northstarpaintingmn.com,0
324,nikespascher.fr,0
325,noahburgesscalm.racing,0
326,pilot-in2it.ru,0
327,xn--nckml8mi8d3c7123b.biz,0
328,publicampaign.org,0
329,iakomusic.com,0
330,japanesecartrade.com,0
331,betterafter50.com,0
332,freenuts.com,0
333,aliveyoutravel.com,0
334,freshpromocodes.info,0
335,wallstreetexaminer.com,0
336,cheapflights.ca,0
337,socialevraagstukken.nl,0
338,airgunturk.com,0
339,mustang6ix.com,0
340,ut-life.net,0
341,cryptomining.farm,0
342,pasonatech.co.jp,0
343,megginson.com,0
344,itnow.com.cn,0
345,brakkegrond.nl,0
346,golosa.info,0
347,nzu.ac.jp,0
348,york360.ca,0
349,peachnewmedia.com,0
350,tonsugh810.com,0
351,viagraitalia.nu,0
352,canadianpharmacy-drugstorerx.com,0
353,domingo-pizza-stuttgart.de,0
354,kkh.com.sg,0
355,velezsarsfield.com.ar,0
356,tbepg.com,0
357,itposted.com,0
358,muteslut.info,0
359,baking911.com,0
360,americasvoiceonline.org,0
361,siblaguna.ru,0
362,hnt.co.jp,0
363,sanpedro.com,0
364,elementalled.com,0
365,agpf.de,0
366,stokokkino.gr,0
367,opendatakit.org,0
368,forestsguardians.com,0
369,mollydesmond.com,0
370,yaprakyazilim.com,0
371,loansbadcreditzuik.net,0
372,voiceboks.com,0
373,nowed5viaonlinev.com,0
374,tjkqj.com,0
375,mwcamericas.com,0
376,airconditioningandheating.com,0
377,radiodetals.ru,0
378,feed-reader.net,0
379,hij.ru,0
380,bankimia.com,0
381,bjhaitian.com,0
382,bundlenews.ru,0
383,medzilla.com,0
384,netbutnghieng.com,0
385,bluwateresort.com,0
386,mathsphere.co.uk,0
387,equest.com,0
388,qrepmanagement.com,0
389,gossamergear.com,0
390,bywilma.com,0
391,square1enttv.com,0
392,retina.directory,0
393,temptationgifts.com,0
394,pcsbrasil.ml,0
395,installmentloanhmka.com,0
396,misshaus.com,0
397,mogulforums.com,0
398,cat-lovers-gifts.com,0
399,sinfuliphone.com,0
400,izgled.biz,0
401,rentaroma.dk,0
402,butterflyact.com,0
403,rocketinfo.com,0
404,sosiphone.com,0
405,engineersupply.com,0
406,dotcalmpromotions.com,0
407,atlasconceptia.com,0
408,islamophobie.net,0
409,deathmetal.org,0
410,buzsion.com,0
411,eulah.club,0
412,cxrs.gov.cn,0
413,isuog.org,0
414,navabi.de,0
415,banzouku.com,0
416,nonplusultrainc.com,0
417,krogerkrazy.com,0
418,airfun-club.ru,0
419,sunfrance.com,0
420,israelmagazine.co.il,0
421,philips.cz,0
422,fennerdrives.com,0
423,cahealthadvocates.org,0
424,xfruits.com,0
425,guccimaneonline.com,0
426,segpaycs.com,0
427,ebaymainstreet.com,0
428,marko.net,0
429,locustgroveenterprises.com,0
430,hardwarelogic.com,0
431,210leaders.com,0
432,hortiwerk.nl,0
433,ventureatlanta.org,0
434,interdrone.com,0
435,iranclash.com,0
436,compliant-sourcing.com,0
437,mccallumtheatre.com,0
438,bit-mir.ru,0
439,anooshapress.ir,0
440,seventhavenue.com,0
441,ownstars.com,0
442,suspicious0bservers.org,0
443,yinyue.market,0
444,forwomen.org,0
445,pili.com.tw,0
446,elarych.pl,0
447,taigasocks.ru,0
448,hotelstars.cz,0
449,pcsplace.com,0
450,awox.com,0
451,citiz.coop,0
452,blessingwhite.com,0
453,thecrier.net,0
454,soicaubacnam.top,0
455,tushengedu.com,0
456,hdfuckos.info,0
457,entuziast.ru,0
458,textlocal.com,0
459,sem-deutschland.de,0
460,bio-itworldexpo.com,0
461,ankaraozelgece.com,0
462,gray-robinson.com,0
463,rarelondon.com,0
464,olives-n-okra.com,0
465,misterestore.co.uk,0
466,vogueluxury.cn,0
467,brittnett.de,0
468,girlfriendfastlane.com,0
469,premiertours.com,0
470,sxswd.cn,0
471,tisztitogepberles.hu,0
472,sd1718.com,0
473,autohebdo.net,0
474,da.mod.uk,0
475,itechfuture.com,0
476,paxworld.com,0
477,yjmzg.net,0
478,das-kashi.de,0
479,mtci.ne.jp,0
480,ksharipalm.ru,0
481,all8.pl,0
482,searchforpainters.com.au,0
483,camsporngirl.info,0
484,lenggries.de,0
485,chtyvo.org.ua,0
486,homesalive.ca,0
487,ccmedu.net,0
488,jak-naturalnie-powiekszyc-penisa.men,0
489,xnet.se,0
490,collegemediamatters.com,0
491,uninet.cm,0
492,thestreetsweeper.org,0
493,toyota-forklifts.eu,0
494,lichtkaufhaus.de,0
495,schellis-karpfen.de,0
496,football-games.ru,0
497,fkatwi.gs,0
498,epatientdave.com,0
499,infas.cz,0
500,mrsperkins.com,0
501,najnas.ru,0
502,project-itoh.com,0
503,mistergoodtint.com,0
504,eskasa.de,0
505,southernentertainmentservices.co.uk,0
506,paradeepphosphates.com,0
507,serefoto.com,0
508,entive.com,0
509,parasol-unit.org,0
510,cafr1.com,0
511,fairplay.co.uk,0
512,abyssoft.com,0
513,oddizzi.com,0
514,bosogo.accountant,0
515,dronecode.org,0
516,cubettechnologies.com,0
517,smallplanet.aero,0
518,voen-pravo.ru,0
519,zutalabs.com,0
520,yowcow.com,0
521,uggsireland.nu,0
522,seo2web.co.uk,0
523,shunkado.co.jp,0
524,precose.reisen,0
525,lessmade.com,0
526,bodylabs.com,0
527,tehrti.ru,0
528,pageforyou.ru,0
529,blogge.rs,0
530,hotblood.nl,0
531,wanderverband.de,0
532,earthlymission.com,0
533,games365.mobi,0
534,karmanitalia.it,0
535,castaglia.org,0
536,shakarasquare.com,0
537,ofpawnsandkings.de,0
538,apnakhet.com,0
539,wikisancti.com,0
540,sliven.net,0
541,purpleeagles.com,0
542,54qingdao.com,0
543,seroquel2018.world,0
544,palacehotelpr.com.br,0
545,radissonblu.ie,0
546,uknags.org.uk,0
547,w3n.us,0
548,casas-de-ferias.com.pt,0
549,vbac.com,0
550,rmu.ac.th,0
551,karoucell.com,0
552,emokykla.lt,0
553,royalmodels.in,0
554,zalozba-sophia.si,0
555,galerieperrotin.com,0
556,gwinstek.co.kr,0
557,shreyasindustrialfasteners.com,0
558,niigata-massage.com,0
559,jav624.com,0
560,yakimawa.gov,0
561,performanceonline.com,0
562,invitations.com,0
563,grilladestorino.com,0
564,biff1.com,0
565,8910315.com,0
566,dresden-kuechen.ovh,0
567,dockwalk.com,0
568,eternitychurch.co.uk,0
569,weddingsite.co.uk,0
570,snmptn.ac.id,0
571,jhwilliams.com.au,0
572,mortgageadvicebureau.com,0
573,trustedid.com,0
574,rd34.com,0
575,ecuadoratualcance.com,0
576,paperbarkcamp.com.au,0
577,balisage.net,0
578,cba-solutions.org,0
579,furniturenyc.net,0
580,fsbo.co.nz,0
581,organizaciondeeventosbogota.com.co,0
582,qqface.net,0
583,burgerweeshuis.nl,0
584,synergize.co,0
585,samhewitsonwebdesign.im,0
586,thoseduelingpianos.com,0
587,flamingword.us,0
588,mobil.com.cn,0
589,libertystreet.com,0
590,scribbr.nl,0
591,loganberrybooks.com,0
592,joy-eslava.com,0
593,interpack.com.cn,0
594,acgdoge.net,0
595,tonawa.org,0
596,v8supercar.com.au,0
597,mhk.hu,0
598,isha.my,0
599,sausageshop.ca,0
600,phm.lu,0
601,orchidmall.com,0
602,manchestermx5s.co.uk,0
603,fmbb.ru,0
604,inautia.com,0
605,obxtradingroup.com,0
606,ionikagips.ru,0
607,czarymary.pl,0
608,freeschuheroshde.com,0
609,backtothebooknutrition.com,0
610,lifelinetheatre.com,0
611,fotovideo-svadba.com,0
612,themarketingsite.com,0
613,nachhilfe-lernengel.de,0
614,wakasugi-shika.or.jp,0
615,shibaparkhotel.com,0
616,authenticsteelersprostores.com,0
617,ventingdirect.com,0
618,epuk.org,0
619,solocodigo.com,0
620,weekendsonly.com,0
621,fpjq.org,0
622,ajmoom.com,0
623,usgoldbureau.com,0
624,webcamhoney.xyz,0
625,canadian8c.com,0
626,tourismfredericton.ca,0
627,ourboys.ru,0
628,porno.com,0
629,orkney.com,0
630,docflow.ru,0
631,archosa.com,0
632,lifetech-worldwide.com,0
633,thebestlisting.com,0
634,animationarena.com,0
635,maymay.net,0
636,hays.es,0
637,mkw.sk,0
638,venezuela-us.org,0
639,thinkempire.com,0
640,eeip.ru,0
641,dekor-guru.hu,0
642,snm.edu.pe,0
643,christianchordsforum.com,0
644,thinkorthwim.com,0
645,xn--72-vlchpfbguk5cwh.xn--p1ai,0
646,math-atlas.org,0
647,fortbrands.com,0
648,courtneyprice.com,0
649,riccom.ru,0
650,klmetzler.com,0
651,ezermester.hu,0
652,sthelensreporter.co.uk,0
653,sch0l0ka.de,0
654,tds.ch,0
655,quetiempo.es,0
656,simple-server.com,0
657,nikhedonia.com,0
658,activium.hu,0
659,stewartcalculus.com,0
660,fashion-zone.in,0
661,hiazintus.com,0
662,g95.org,0
663,ponsoftware.com,0
664,thefabulousreport.com,0
665,bellasugar.com.au,0
666,oriental-decor.com,0
667,icpdns.com,0
668,massovki.ru,0
669,everyinteraction.com,0
670,thecheddarbox.com,0
671,emrandehr.com,0
672,rbcds.com,0
673,hildegarde.space,0
674,aesthelise.com,0
675,lishou.ru,0
676,monster-island.org,0
677,vetdoctor.ru,0
678,millsauditoryfoundation.org,0
679,african-mango.ca,0
680,dripinvesting.org,0
681,traitement-parodontal-aerobie-bost.com,0
682,missionstatements.com,0
683,toyota-gib.com,0
684,ict.nl,0
685,jieyang.net.cn,0
686,cedexplica.pt,0
687,zetron.com,0
688,espace-musculation.com,0
689,worldofdavidwalliams.com,0
690,actionridgehunts.com,0
691,ascendleadership.org,0
692,lamarcardinals.com,0
693,vpfhhpuk.net,0
694,ot-cholet.fr,0
695,rosgifts.ru,0
696,noeticforce.com,0
697,trauspruch.de,0
698,biosfere.ru,0
699,babyliss.com,0
700,landisvalleymuseum.org,0
701,theabsolutemag.com,0
702,marrowstone.org,0
703,sovetrussa.ru,0
704,pretiradiatori.it,0
705,blogoseksie24.pl,0
706,jordanvillage.com,0
707,marchofthetitans.com,0
708,hg10889.com,0
709,kyotoguide.com,0
710,autocraftva.com,0
711,pandorawellington.nu,0
712,starcapital.de,0
713,xn--fiqq2fqughsfpuae84x.com,0
714,ibkr.info,0
715,sistema.com,0
716,votrannuaire.com,0
717,blog-g.com,0
718,hufhk.com,0
719,kinoohut1.loan,0
720,shabelle.net,0
721,hosthumor.com,0
722,devilishgames.com,0
723,gobc.ca,0
724,pediatricdentistmtjuliet.com,0
725,frivol.com,0
726,wimpernkrem.de,0
727,proktos.info,0
728,boardupandglasspros.com,0
729,cleverboxes.com,0
730,imo.org.ir,0
731,cappelen.no,0
732,tireslist.com,0
733,retin-aonline-noprescription.xyz,0
734,allermuir.com,0
735,coin-turk.com,0
736,fbmbmx.com,0
737,jocuri3d29.com,0
738,mhrctgej.net,0
739,uncmedicalcenter.org,0
740,sleepnomore.com,0
741,djonsoft.ru,0
742,bjt.net.cn,0
743,4kwallpaper.net,0
744,reliancebestpharmacy.com,0
745,maolin-nsa.gov.tw,0
746,sarahblasko.com,0
747,officeeditor.com,0
748,ujianpaketc.com,0
749,hfarallies.org,0
750,gstore.com.au,0
751,shjdfdxc.net,0
752,hunanzhibotv.com,0
753,emigrantdirect.com,0
754,dab.gov.af,0
755,amazingstuff.co.uk,0
756,ejamad.com,0
757,esenetworks.com,0
758,nasvadbe.ru,0
759,vasco.be,0
760,tintalle.net,0
761,ymnqb.com,0
762,priworldwide.com,0
763,paydayloansqdg.com,0
764,provenzafloors.com,0
765,vitinhxanh.com,0
766,bbitalia.it,0
767,chipdb.org,0
768,kongres-magazine.eu,0
769,condovultures.com,0
770,androidbaza.ru,0
771,ironmangames.biz,0
772,clari.net.au,0
773,gunvorgroup.com,0
774,ocscompany.com,0
775,jaelynn.club,0
776,yarbrusovik.ru,0
777,honkfest.org,0
778,miodywkosmetyce.pl,0
779,andrewsofficefurniture.com,0
780,kenilworthwheelers.cc,0
781,decoz.com,0
782,videocityguide.com,0
783,yiddishweb.com,0
784,directory.gov.hk,0
785,kerava.fi,0
786,bayanmall.com,0
787,oregonsadventurecoast.com,0
788,ipsinternational.org,0
789,azxdiy.com,0
790,bracketmatrix.com,0
791,tenmilliongalleries.com,0
792,ejb.com,0
793,ashlandcounty.org,0
794,supertimeforce.com,0
795,parrucchieriestetica.it,0
796,nashvillenews.org,0
797,newchoicehealth.com,0
798,thewgalchannel.com,0
799,cheaperjerseysnflwholesale.com,0
800,eichlersocal.com,0
801,soulation.org,0
802,xexgroup.jp,0
803,carmelcalifornia.org,0
804,thebarrecode.com,0
805,flixfacts.com,0
806,visitmenorca.com,0
807,foosball.com,0
808,123posters.com,0
809,elvenlabs.com,0
810,czbaoxing.com,0
811,greycoder.com,0
812,air1.com.pl,0
813,mtbitrian.com,0
814,chinaieme.com,0
815,tier1performance.com,0
816,streamroot.io,0
817,knx.de,0
818,jspd.or.jp,0
819,arborcompany.com,0
820,cirspecialist.com,0
821,calmann-levy.fr,0
822,cuamoc.com,0
823,robertaflack.com,0
824,justcallheritage.com,0
825,rabattours.com,0
826,hotdirectory.net,0
827,murave.net,0
828,webwriting-magazin.de,0
829,rivierenland.nl,0
830,mpt.tv,0
831,leftoverswap.com,0
832,xl-paper.com,0
833,woodenwindow.com,0
834,nanjingmarketinggroup.com,0
835,icamer.org,0
836,audio-technica.com.hk,0
837,threeeyedraven.com,0
838,techdose.com,0
839,vinyl-sea.com,0
840,presscommradio.com,0
841,sinoquebec.com,0
842,venetianbeadshop.com,0
843,amperis.com,0
844,badgermtnvineyard.com,0
845,dezinfex.cz,0
846,dermaessencecreamblog.com,0
847,questfinder.com,0
848,bryandurham.com,0
849,practicom.net,0
850,michaelstevenson.com,0
851,sxmzjjghzx.com,0
852,gomeopat-olga.ru,0
853,missyconfidential.com.au,0
854,aaaags.com,0
855,morph-tokyo.com,0
856,ronrolheiser.com,0
857,articlepoint.info,0
858,coloriagesgratuits.com,0
859,ent-nts.ca,0
860,bizalliance.biz,0
861,english1-4.ru,0
862,afriquefrontieres.org,0
863,visitnorfolktoday.com,0
864,dimensionangle.com,0
865,vibradoresonline.net,0
866,zermattgroove.ch,0
867,liswiki.org,0
868,2cookinmamas.com,0
869,myadventuresacrosstheworld.com,0
870,globalviagem.com.br,0
871,robertbly.com,0
872,nasared.de,0
873,mexicodental.network,0
874,greencoffeeinformation.com,0
875,partnerskie-programmy.net,0
876,canal32.fr,0
877,perfectworldtoo.us,0
878,messe-dus.co.jp,0
879,marche.co.jp,0
880,phelpshospital.org,0
881,c2000.com.cn,0
882,allyfashion.com,0
883,rymocs.com,0
884,recyclingproductnews.com,0
885,marcforgione.com,0
886,halloweencostumes.net,0
887,cheapairmax2018shoes.com,0
888,schillerstadt-marbach.de,0
889,lengxiaohua.cn,0
890,gardesha.com,0
891,letourdeindia.com,0
892,alltombostad.se,0
893,globalhealthpolicyforum.org,0
894,outbankapp.com,0
895,atelier-restauration.fr,0
896,wezyrholidays.pl,0
897,unclekracker.com,0
898,danube.com,0
899,sjphoto.com,0
900,navratdoreality.cz,0
901,weerstationmedemblik.nl,0
902,pornogratisxnxx.com,0
903,aliwea.com,0
904,mtrwh.com,0
905,zczgnykj.com,0
906,anakainisi-katoikias.eu,0
907,frwlat.com,0
908,franceangels.org,0
909,sp-mix.ru,0
910,xn----btbkhzun4i.xn--p1ai,0
911,tromsfylke.no,0
912,krystal-hotels.com,0
913,waindigo.com,0
914,bergeijk.nl,0
915,agilecontents.com,0
916,kwanlindun.com,0
917,sc39.cn,0
918,tuaregviatges.es,0
919,pinlegs.com,0
920,salacaracol.com,0
921,pdcorp.com,0
922,hnykc.com,0
923,goooglb.cc,0
924,kea4.club,0
925,guigoz.fr,0
926,nicolazingaretti.it,0
927,signaturefurniturerental.com,0
928,apqpm.com,0
929,ashleyrosekelly.com,0
930,cali.ro,0
931,ctlandmarks.org,0
932,knedlikarna.cz,0
933,aeiou-inc.com,0
934,rudnikov.com,0
935,247skins.com,0
936,guizhou.edu.cn,0
937,mytrendyphone.no,0
938,romagold.co.za,0
939,animalradio.com,0
940,edax.com,0
941,csmwebshop.com,0
942,medweb.jp,0
943,caoegg.cn,0
944,designbynumbers.com,0
945,tanzen.de,0
946,mightyram50.net,0
947,enkiri.com,0
948,waterlogueapp.com,0
949,bukhara-carpets.com,0
950,scienceillustrated.ru,0
951,pharmacycanadageneric.com,0
952,toyota.se,0
953,sm560.com,0
954,z30a.us,0
955,funohan.jp,0
956,lybach.com,0
957,univ-chlef.dz,0
958,farmfamily.com,0
959,discriminatie.nl,0
960,chinaimperial.es,0
961,acqualab.it,0
962,contadormania.com.br,0
963,ecoversa.org,0
964,raybanoutletonline.co.uk,0
965,shopfittingwarehouse.co.uk,0
966,falkagidi.com,0
967,abczv.com,0
968,theyounguns.co.uk,0
969,asiatvforum.com,0
970,babaloocafe.net,0
971,petratravel.cz,0
972,biologement.fr,0
973,jeansmate.co.jp,0
974,topsiteworld.com,0
975,rookerybay.org,0
976,businessminer.us,0
977,lutz-en-net.fr,0
978,cbyerbilimleri.com,0
979,aimicbh.com,0
980,thenextchallenge.org,0
981,orchardo.ru,0
982,digibagg.com,0
983,lespiedsdansleau.com,0
984,badsalzungen.de,0
985,datakontext.com,0
986,rotary.at,0
987,shodai.nl,0
988,clubtalleres.com.ar,0
989,cgo.org,0
990,inkil.com,0
991,pintsforprostates.org,0
992,studiotraffic.com,0
993,hzhuanxu.com,0
994,linega.ru,0
995,yucatan.travel,0
996,mutangc.com,0
997,tacuvehitiyejo.cf,0
998,expertrt.ru,0
999,echo-media.com,0
